,categorie,nom_recette,ingredients,preparation,nb_etape
20,plat,Pomme de terre au four,['500 g de pomme de terre']," Eplucher les pommes de terre, ou laisser la peau si elle est fine. Les couper dans le sens de la longueur et les placer sur une plaque au four, face bombée contre la plaque. Saler et laisser cuire à four chaud jusqu'à ce que le dessus soit bien doré. Servir chaud accompagnées de salade verte et de toutes sortes de fromages (du kiri pour les enfants en allant jusqu'au maroilles...). C'est délicieux, économique et sans graisse. Délicieux avec de la cancoillotte !",4
44,plat,La pâte à galettes de blé noir traditionnelle,"['330 g de farine de blé noir', ' 10 g de gros sel', ' 75 cl deau froide ', ' 1 oeuf']"," Dans un saladier, mélanger la farine et le gros sel.  A l'aide d'un fouet, verser l'eau en deux ou trois fois, tout en mélangeant la préparation. On obtient une pâte lisse et épaisse à laquelle on ajoute un oeuf pour donner une belle coloration à la cuisson.  Filmer et laisser reposer 1 à 2 heures au réfrigérateur.  Graisser la crêpière avec une coton imbibé d'huile. Verser une louche de pâte, attendre que la galette colore pour la décoller à l'aide d'une spatule et la retourner. La laisser cuire encore 1 mn environ.  Pour une galette complète, beurrer généreusement les deux côtés de la galette et déposer au centre de l'un des deux, du jambon et de l'emmental râpé, puis casser un oeuf au centre de la galette. Une fois qu'il commence à cuire, saler, poivrer et rabattre les bords de la galette de façon à ne laisser paraître que le jaune. C'est prêt une fois que l'oeuf est assez cuit.",5
53,plat,Paupiettes de veau ,"['4 paupiette de veau ', ' 1 gousse dail', ' 1 cuillère à soupe dhuile dolive', ' 2 cuillère à soupe de fond de veau', ' 12.5 cl de vin blanc', ' 12.5 cl deau', ' 1 cuillère à soupe de moutarde forte ', ' 1 cuillère à soupe de vinaigre balsamique']"," Dans une sauteuse, faire chauffer l'huile d'olive avec la gousse d'ail finement coupée, à feu moyen. Lorsque c'est bien chaud, mettre les paupiettes à dorer quelques minutes de chaque côté. Quand toutes les faces sont légèrement colorées, ajouter le fond de veau et mouiller avec le vin blanc et l'eau. Ensuite mettre la moutarde, le vinaigre balsamique et bien mélanger en retournant les paupiettes pour qu'elles s'imbibent bien de la sauce. Laisser cuire 5 minutes à feu moyen, pour que l'alcool du vin blanc s'évapore, puis mettre à feu doux et couvrir. Laisser mijoter 20 minutes environ, en retournant les paupiettes de temps en temps. S'accommode avec toutes sortes de légumes ainsi que des féculents.",6
70,plat,Tarte à la tomate et à la moutarde,"['1 pâte brisée', ' 4 tomate bien mûres ', ' herbes de provence + sel ', ' moutarde de dijon', ' huile dolive']"," Précuire la pâte (percée avec une fourchette) 5 min à 450 degrés farenheit (230°C).  Pendant ce temps, couper les tomates en rondelles de 3 mm d'épaisseur.  Sortir la pâte précuite du four. badigeonner le fond de moutarde de Dijon (la classique fait l'affaire) ...en mettre suffisamment pour que le fond en pâte ne se voit plus.  Disposer les tranches de tomates. faire plusieurs épaisseurs.  saupoudrer d'herbes de Provence + 2 pincées de sel.  1 cuillère à soupe d'huile d'olive.  Enfourner pour 20 min à 450 farenheit puis couvrir avec papier d'aluminium pour 20 min supplémentaires. Après ces 20 min, enlever le papier aluminium et laisser cuire encore 5 min porte du four ouverte. Délicieux avec une salade verte.",7
91,plat,Carottes vichy,"['12 carotte comptez-en 3 par personne environ ', ' 50 g de beurre', ' 15 g de sucre', ' 1 cube de bouillon de poulet ']"," Eplucher (gratter) les carottes et couper-les en petites rondelles.  Dans une casserole, préparer un bouillon de poulet. La quantité d'eau doit être suffisante pour recouvrir les carottes.  Dans une poêle, faire fondre le beurre puis, ajouter le sucre. Remuer jusqu'à obtention d'une légère ""mousse"", et ajouter les carottes. Remuer un peu puis, y ajouter le bouillon (les carottes doivent être recouvertes).  Laisser à petit feu sans couvrir afin de permettre à l'eau de s'évaporer pendant 20/25 minutes.",4
100,plat,Pâte brisée vite faite,"['300 g de farine', ' 150 g de beurre en dés et en pommade ', ' 1/2 cuillère à café de sel', ' 3 cuillère à soupe de sucre si pâte sucrée ', ' 8 cl deau ou de lait tiède ']"," Mélanger la farine et le sel dans un plat (et le sucre si sucre il y a).  Ajouter le beurre puis l'incorporer à la farine en pétrissant rapidement et légèrement du bout des doigts. On doit obtenir une sorte de semoule grossière en 2 ou 3 min. Incorporer rapidement le lait ou l'eau. Il en faut très peu pour permettre à la pâte de se lier et de faire boule. Le lait ou l'eau ? C'est selon les goûts. Pour étaler sans problème, étaler la pâte sur du papier cuisson et cuire tel quel dans la platine. ",4
128,plat,Fish and Chips (la vraie pâte à friture anglaise),"['1 verre de farine', ' 1 verre de bière', ' 2 oeuf']"," Mélangez la farine et la bière. Ajoutez les jaunes d'oeufs, puis les blancs d'oeuf monté en neige ferme en soulevant la masse pour ne pas le ""casser"". 
La pâte à fish and chips est prête.  Trempez les filets de poisson généreusement et faites frire à 160°C ou 180°C pendant 3 ou 4 min. Egoutter soigneusement lorsque c'est doré. Servir avec des frites.",8
144,plat,Semoule au micro-ondes,"['250 g de semoule moyenne', ' 25 cl deau tiède ', ' sel', ' 2 cuillère à soupe dhuile dolive', ' beurre']"," Mettre la semoule dans un récipient pour micro-ondes (type pyrex). Verser l'huile dans la semoule à sec et mélanger pour que ça s'imprègne. Mettre du sel dans l'eau tiède et verser sur la semoule en mélangeant. Laisser absorber quelques minutes. Mettre 1 min 30 au micro-ondes. Mélanger à la fourchette, ajouter une noix de beurre. Remettre 2 min au micro-ondes. C'est prêt !",8
150,plat,Galette bretonne à la farine de sarrasin,"['500 g de farine de sarrasin', ' 15 g de sel gris de guérande ', ' 1 oeuf', ' 70 cl deau', ' saindoux pour la cuisson ', ' 1 oeuf par personne ', ' 1/2 tranche de jambon', ' gruyère râpé', ' champignon']"," Dans un grand saladier, vous mettez les 500 g de farine de sarrasin puis creusez un trou, cassez un oeuf. Versez dans le puit de farine petit-à-petit l'eau en mélangant doucement et battre pour faire rentrer l'air dans la pâte. Laissez reposer mimimum 1 heure ou plus. PS: après une heure, rajoutez de l'eau si la pâte est trop épaisse. Graissez la poêle au saindoux. Bien faire chauffer la poêle et étaler la préparation. Faire cuire comme les crèpes. PS: Si il y a des trous dans la galette, c'est normal. Rajouter après avoir fait cuire la préparation du gruyère, du jambon et un oeuf brouillé (ou pas) puis des champignons.",9
154,plat,Pommes de terre farcies,"['6 pomme de terre', ' 250 g de chair à saucisse', ' 1 viande hachée', ' 1 oeuf', ' persil et ail haché ', ' 1 oignon', ' noisette de beurre', ' 1 verre de bouillon de viande 1/2 tablette ']"," Préchauffer le four à 180°C (thermostat 6). Préparer la farce en mélangeant la chair à saucisse, le steak haché, l'ail, le persil, l'oeuf et un peu de sel et poivre à votre convenance. Eplucher les pommes de terre, couper un ""chapeau"" sur le dessus. Creuser les pommes de terre à l'aide d'un couteau ou d'une cuillère ; conserver la chair de pommes de terre retirée. Remplir les pommes de terre de farce et placer les ""chapeaux"" sur le dessus de chaque pomme de terre. Emincer l'oignon. Beurrer un plat allant au four, y placer dans le fond l'oignon émincé puis les pommes de terre farcies. Placer la chair de pomme de terre restante dans le plat ainsi que les restes éventuels de farce. Déposez une noisette de beurre sur chaque ""chapeau"" de pommes de terre puis arrosez le tout du verre de bouillon. Enfourner pour 55 minutes. Prolonger de quelques minutes la cuisson si nécessaire.",5
155,plat,Escalope milanaise (Italie),"['4 escalope de veau bien fine ', ' 10 biscotte pour la chapelure ', ' 20 g de farine', ' 1 oeuf', ' 1 citron']"," Préparer la chapelure:  Sur une planche à découper en bois casser en petits moceaux les biscottes (2 ou 3 pour commencer) puis écraser ses morceaux à l'aide d'une bouteille en verre en la faisant rouler dessus tout en appuyant. Battre l'oeuf dans une assiette à soupe. Répartir la farine sur une autre assiette. Prendre une escalope, la passer (des 2 côtés) dans la farine, la passer dans l'oeuf puis l'allonger d'un coté sur la chapelure.  Pour que la chapelure colle bien à l'escalope, appuyer sur celle-ci avec la paume de la main. Faire la même chose pour l'autre côté de l'escalope. Réaliser la même opération pour les autres escalopes, et faire la chapelure au fur et à mesure que vous en aurez besoin. Faire chauffer une poêle a feu vif avec un filet d'huile d'olive.  Lorsque l'huile est chaude, y faire cuire les escalopes quelques minutes de chaques côtés.  Saler, poivrer à votre goût et servir avec un filet de jus de citron.",10
168,plat,Pâtes fraîches,"['300 g de farine de blé 00 ', ' 100 g de farine de blé dur ', ' 4 oeuf', ' sel']"," Tamiser les farines dans un grand récipient.  Faire une fontaine assez large et y mettre au centre les oeufs et une pincée de sel. Mélanger les ingrédients à la fourchette puis travailler énergiquement la pâte pendant une dizaine de minutes. En faire ensuite une boule, l'envelopper dans un film transparent et laisser reposer 1/2 heure. Diviser ensuite la pâte en 3 ou 4 parts et la passer à la machine en commençant par l'épaisseur la plus importante pour finir par la plus fine. Laisser reposer 1/2 heure les bandes de pâte ainsi obtenues. Les repasser alors à la machine avec le rouleau approprié de façon à obtenir des tagliatelles de la largeur désirée. Les étendre au fur et à mesure sur un torchon légèrement fariné. Les recouvrir d'un autre torchon lui aussi légèrement fariné et les laisser reposer jusqu'au moment de les cuire dans une grande quantité d'eau salée.",6
175,plat,Pommes dauphines,"['500 g de pomme de terre', ' 125 g de farine', ' 75 g de beurre', ' 100 g deau', ' 4 oeuf', ' sel', ' huile de friture']"," Faites cuire les pommes de terre à l'eau bouilante salée environ 30 minutes (selon la taille). Pendant ce temps, préparez la pâte à choux : portez à ébullition 10 cl d'eau avec le beurre. Salez et versez d'un coup la farine, remuez énergiquement à la cuillère en bois jusqu'à ce que la pâte se détache des birds de la casserole. Laissez tiédir puis ajoutez les oeufs un à un, en mélangeant bien à chaque fois. Egouttez et pelez les pommes de terre, écrasez-les en purée fine et ajoutez-les à la pâte à choux. Salez et poivrez, puis laissez refroidir. Formez ensuite des petites boules de la taille d'une noix avec vos mains farinées, ou utilisez une poche à douille. Jetez-les dans l'huile de friture bien chaude par petites quantités et laissez dorer 1 min environ.",7
195,plat,Boudin noir poêlé aux pommes,"['250 g de boudin noir à loignon ou nature ', ' 3 pomme reinettes ou golden ', ' 1 citron', ' 20 g de beurre']"," Pelez les pommes et coupez-les en 4 .  Trempez les quartiers dans le jus du citron et réservez le jus que vous agrémenterez de sucre.  Coupez les quartiers encore en 2 .  Faites revenir les quartiers dans 15 g de beurre et couvrez la poêle (pour ne pas les dessécher et qu'ils collent).  Laissez dorer et retournez assez souvent.  Lorsque les quartiers commencent vraiment à se dessécher, verser petit à petit le jus de citron sucré (les pommes vont achever leur cuisson en caramélisant!).  Retournez les pommes pour obtenir une couche des 2 côtés et laisser cuire encore quelques minutes.  Réservez au chaud.  Pendant ce temps, dans une autre poêle, faites revenir dans le reste du beurre, vos 2 morceaux de boudin.  Il faut le saisir (feu fort) mais attention à la suite de la cuisson qui doit rester douce pour ne pas rompre le boyau.  Faites cuire le boudin de tous les côtés.  Lorsque le boyau s'est rétracté (aux extrémités) et que la surface est bien noire, servez le boudin, accompagné des pommes.",12
198,plat,Spaetzle,"['400 g de farine', ' 4 oeuf', ' 1/2 verre de moutarde deau ou de la biere ']", Dans un saladier mettre la farine puis les oeufs entiers et l'eau (ou de la biere c'est un peu moin sec au finale). Ensuite melanger le tout avec un fouet (l'ideal c'est d'avoir un robot qui melange tout seul!!)jusqu'à obtiention d'une pate homogene sans grumeau et pas liquide surtout! Faite chauffer une grande cassserole avec de l'eau et un kub or et des que l'eau est chaude vous pouver y verser la pate sois avec la rape speciale à spaetle ou sinon faut couper la pate sur une planche en petit morceau long de 2 ou 3cm et large de 0.5mm à vous de voir comment vous aimez. Attendre que ca remonte à la surface et les sortir avec un ecumoire puis les mettre dans une passoire et continuer jusqu'à ce que vous n'ayez plus de pate. Ensuite vous pouvez les griller dans une poele avec un peu d'huile ou les servir comme ca.,5
207,plat,Omelette aux violets,"['2 fruit de mer', ' artichaut ! ', ' 4 oeuf', ' bouquet de persil', ' huile dolive']"," sortir les violets de leur coque, les fouetter très fort dans un saladier,ou avec un mixer, jusqu'à obtenir un liquide mousseux. Fouetter les 4 oeufs jusqu'""au blanc"" Mélanger les deux préparations avec un peu de persil frais haché. Verser le tout dans une poële bien chaude, garnie d'huile d'olive. Retourner rapidement, servir l'omelette baveuse dans les assiettes préchauffées.",5
234,plat,Filet mignon de porc à la moutarde,"['1 filet mignon de porc de 600 à 700 g environ ', ' 25 cl de vin blanc sec', ' 1 bouillon cube légumes par exemple dilué dans de leau chaude ', ' 40 cl de crème fraîche', ' 500 g de champignon en boîte ', ' moutarde normale ou à lancienne ', ' huile dolive', ' beurre']"," Couper la viande en morceaux et mettre le mélange huile + beurre à chauffer. La faire dorer dans un mélange huile + beurre dans une cocotte. Retirer les morceaux de la cocotte et jeter le surplus de gras. Déglacer la cocotte avec le vin blanc, le bouillon cube, le jus des champignons et la crème (2/3 du pot). Tartiner le filet mignon de moutarde à l'ancienne et le remettre dans la cocotte avec les champignons. Cuire environ 30 min, à feu très doux. En fin de cuisson, ajouter le reste de crème, saler et poivrer. Bon appétit.",8
239,plat,tarte aux poireaux et au saumon frais,"['1 pâte feuilletée toute faite ', ' 3 poireau', ' 2 filet de saumon', ' 3 oeuf', ' 1 petit pot de crème fraîche 8 % ', ' fromage râpé facultatif ']"," Coupez les poireaux en rondelles (prendre le blanc et un petit peu de vert).  Défaire les rondelles une à une pour pouvoir bien les laver.  Faire cuire 20 mn les poireaux et le saumon à la vapeur.  Puis défaire le saumon sur la pâte préalablement piquée, mettre les poireaux par dessus.  Battre les oeufs, ajouter la crème et le fromage, sel et poivre (une pointe de noix de muscade est la bienvenue).  Recouvrir la tarte du mélange et laissez cuire 20 mn à 200°C.  A servir avec une salade.",7
280,plat,Soupe de poisson,"['30 g de poisson type sole ou merlan ', ' 1 carotte', ' 1 pomme de terre', ' 1 blanc de poireaux', ' 1 tomate', ' sel']"," Bien cuire le poisson à l'eau, prendre uniquement la chair et laisser à part. Bien nettoyer les légumes, épluchez- les, puis coupez-les en petits morceaux, puis mettez-les avec 50 cl d'eau et sel à cuire dans une casserole. Après la cuisson des légumes, ajoutez le poisson et passez le tout dans un mixer.",3
282,plat,Poulet en crapaudine sur lit de légumes d'été,"['1 poulet', ' huile olive ', ' 1 jus de citron', ' 3 gousse dail', ' brin de thym frais ', ' 2 cuillère à soupe de miel', ' 1 cuillère à café de curry en poudre ', ' 1 cuillère à café de cumin poudre et graines ', ' 8 pomme de terre type grenaille ', ' 4 tomate taille balle de golf… ', ' 1 courgette taillée en rondelles ', ' 1 poivron jaune', ' 1 poivron rouge', ' 1 aubergine', ' 1 fenouil', ' 1 orange']"," Installer le poulet sur la planche, poitrine vers le bas. Découper (avec ciseaux), du croupion jusqu’au cou en coupant à droite et à gauche de l’os. Ensuite ouvrir le poulet en séparant les deux moitiés. Appuyer très fort pour casser les jointures. Le retourner pour remettre le côté peau vers le haut.  Dans un bol, mettre le jus de citron, l’huile d’olive ainsi que le miel, le curry et les cumins. Presser les gousses d’ail. Ajouter dans le bol, le thym. Badigeonner le poulet avec cette préparation. Laisser mariner à température ambiante (20 minutes minimum). Poser le poulet sur une plaque de four, côté peau vers le haut. Enfourner à 180°C (thermostat 6) pendant 30/40 minutes en le retournant à mi-cuisson. Couper les légumes en morceaux. Disposer tous les légumes sur une plaque de four, les arroser de jus d’orange, d’huile d’olive, de sel et de poivre. Enfourner à 180°C pendant 30/40 minutes. Au bout de de ce temps, enlever le poulet de la plaque du four. En laissant les sucs du poulet, disposer les légumes (sans l’eau qu’ils ont faite) puis remettre le poulet dessus. Repasser au four 10/15 min. Poser le tout sur la table « à la bonne franquette » .",9
293,plat,Gratin de blettes,"['2 kg de bette à carde', ' 50 g de beurre', ' 40 g de farine', ' 50 cl de lait', ' 3 jaune doeuf', ' 75 g de fromage râpé', ' poivre et noix de muscade ', ' sel']"," Cuire les blettes 20 minutes à l'eau bouillante. Les égoutter et les couper en morceaux. Préchauffer le four à 210°C (thermostat 7). Beurrer un plat à four et y disposer les blettes.  Préparer la sauce béchamel : faire blondir la farine dans 30 g de beurre fondu sur feu moyen. Ajouter le lait, laisser épaissir en remuant puis assaisonner de sel, de poivre et de noix de muscade râpée. Hors du feu incorporer les jaunes d'oeufs et le gruyère. Verser la sauce sur les blettes et enfourner 20 minutes environ jusqu'à ce que le dessus soit doré.",6
315,plat,raviolis maison viande/chèvre,"['300 g de farine', ' 3 oeuf dont 1 jaune pour souder ', ' sel', ' 2 cuillère à café dhuile dolive', ' 1 tranche de jambon', ' 100 g de fromage de chèvre frais ', ' basilic']"," Battez les oeufs avec l'huile.  Versez les oeufs battus au centre de la farine et pétrissez, jusqu'à ce que la pâte soit homogène.  Continuez de pétrir pour développer l'élasticité de la pâte.  Couvrez et laissez reposer la pâte entre 30 min et 1 h.  Pendant ce temps, préparez la farce à raviolis: mixez la tranche de jambon et incorporez-la au fromage de chèvre frais. Assaisonnez de sel (peu), poivre et basilic.  Etendez au rouleau à pâtisserie la pâte le plus finement possible. Couvrez-la et laissez-la reposer 1 h au moins.  A l'aide d'un couteau, commencez à tracer les carrés sur la moitié de la pâte, pour faciliter la découpe des raviolis.  Garnissez de la farce.  Passez du jaune d'oeuf sur les parties qui seront à souder (bord des raviolis). Rabattez la seconde partie de pâte, et à l'aide de vos mains, soudez bien hermétiquement les raviolis autour de la farce.  Découpez les raviolis à l'aide d'une molette dentelée ou à défaut d'un couteau aiguisé. Faites chauffer un grand volume d'eau salée, plongez les raviolis dedans et laissez cuire 8 à 10 min environ.  Egouttez les raviolis et servez-les accompagnés de sauce de votre choix.  Exemples: - tomate/champignons  - sauce bolognaise  - sauce carbonnara - parmesan/basilic/poivrons Variantes: Pour la farce vous pouvez mettre du parmesan ou de la chair à saucisse (accompagné de sauce tomate, excellent!). A servir chaud. Bon appétit !",23
316,plat,Pâte à crêpes facile,"['250 g de farine', ' 2 oeuf', ' 25 cl de lait', ' 25 cl deau', ' 2 cuillère à soupe dhuile', ' 1 petite pincée de sel facultatif ']"," Mélanger le farine et les œufs, puis ajouter petit à petit le lait et l'eau. Bien mélanger pour ne pas avoir de grumeaux.  Ajouter l'huile et le sel (facultatif).",3
318,plat,Crevettes au curry express,"['300 g de crevette rose', ' 2 cuillère à soupe de crème', ' 1 cuillère à café de curry', ' 2 cuillère à café dhuile dolive']", Décortiquer les crevettes. Les faire revenir très rapidement dans l'huile d'olive en les saupoudrant de curry. Ajouter la crème et mélanger le tout. Servir immédiatement avec du riz thaï.,3
336,plat,La coca,"['6 poivron rouges et verts ', ' 1 oignon', ' 1 boîte de tomate pelée', ' 1 cuillère à soupe dhuile dolive', ' 1 pâte feuilletée']"," Dans une poêle, faites revenir l'oignon avec l'huile d'olive à feu moyen. Ajoutez les poivrons découpés en rectangles. Ajoutez les tomates pelées sans leur jus. Couvrez et laissez cuire 20 min à feu moyen. découvrez et laissez cuire encore une vingtaine de minutes pour faire réduire et éliminer l'eau. Préchauffez votre four à thermostat 7 (210°C). Etalez la pâte feuilletée. Etalez le mélange sur la pâte. Faites cuire 30 min au four. Servir tiède ou froid.",9
348,plat,Tacos (comment faire la  pâte),"['175 g de farine de blé ou de maïs ', ' 1 cuillère à soupe de sel', ' 10 cl deau tiède ']"," Mettre la farine dans un saladier, ajouter du sel.Ajouter lentement, tout en remuant, l'eau tiède. Travailler la pâte avec les mains, elle doit être moelleuse, et ne plus coller. Ensuite, la laisser reposer recouvert environ 15 min. Diviser la pâte en 8 portions indentiques. Etaler chaque morceau pour obtenir des galettes de 15 cm de diamètre environ. Préchauffer la poêle et, sans aujouter de graisse, cuire les tortillas environ 1 min, à température moyenne. Dès qu'elles commencent à gonfler, les aplatir pour qu'elles puissent cuire régulièrement. Elles sont prêtes dès qu'elles présentent des tâches brunes. On peut préparer les tortillas pour les tacos à l'avance et les congeler.",6
373,plat,Pâte à pizza pour four normal,"['100 g de farine', ' 2 cuillère à soupe dhuile dolive', ' levure de boulanger morceau de la taille dune grosse noisette ', ' 1 pincée de sel', ' 1 verre deau tiède ']"," Faire fondre la levure dans le saladier avec 1/2 verre d'eau tiède, mettre tous les autres ingrédients et bien pétrir pour obtenir une boule de pâte bien moelleuse mais qui ne colle plus aux doigts (rajouter de l'eau ou de la farine si nécessaire). Couvrir le saladier avec le torchon mouillé et laisser lever (la boule triple de volume). Temps nécessaire : 1 à 2 h s'il fait chaud et jusqu'à une nuit entière l'hiver. Au moment de faire la pizza, aplatir la boule avec le plat de la main puis l'étaler, mais surtout ne pas la pétrir à nouveau ! Pour l'étaler convenablement : la fariner, l'étaler un peu, la retourner et recommencer l'opération jusqu'à obtenir une galette fine et de la taille désirée. Garnir et cuire à four chaud (250 à 300°C) 15 min environ.",5
406,plat,Poireaux au jambon à la béchamel,"['6 tranche de jambon', ' 3 poireau moyens ', ' 50 g de beurre', ' 60 g de farine', ' 1/2 l de lait', ' fromage râpé']"," Faites cuire les blancs de poireaux à la vapeur, à l'eau ou au micro-ondes jusqu'à ce qu'ils soient tendres.  Préparez la béchamel : dans une casserole, faites fondre le beurre puis ajoutez la farine. Mélangez vigoureusement avec un fouet. Laissez cuire 2 mn puis versez petit à petit le lait tout en fouettant. Laissez cuire jusqu'à ce que le mélange épaississe et soit onctueux.  Coupez les poireaux en 2 cylindres égaux, roulez une tranche de jambon autour de chaque morceau.  Disposez-les dans un plat carré, étalez la béchamel sur les roulés et saupoudrez enfin de fromage râpé.  Laissez cuire au four (180°C) jusqu'à ce le fromage soit bien gratiné.",5
409,plat,Gratin de courgettes aux tomates,"['1.2 kg de courgette', ' 1.2 kg de tomate', ' sel', ' beurre', ' 150 g de fromage râpé', ' 3 gousse dail facultatif ']", Passer les légumes sous l'eau froide et les trancher avant de les saler pour les faire dégorger. Graisser un plat allant au four avec un peu de beurre et placer les tranches en alternant courgettes et tomates. Parsemer d'ail coupé finement et de fromage. Recommencer l'opération jusqu'à épuisement des ingrédients en prenant soin de recouvrir le dessus de fromage avec quelques petits morceaux de beurre. Mettre au four pendant 45 min à 180°C (thermostat 6) pour faire gratiner.,4
429,plat,Sauté de veau avec le Cookeo Moulinex,"['800 g de veau', ' 4 cuillère à soupe de fond de veau', ' 1 oignon', ' 250 cl deau', ' 50 cl de crème fraîche', ' 8 olive verte', ' 1 petite boîte de champignon environ 200 gr ']", Au Cookeo : Faire revenir la viande bien dorée. Ajouter les oignons + les champignons + les olives. Faire dorer à nouveau. Ajouter les 4 c à soupe de fond de veau + la crème fraiche et 250 cl d'eau.  Fermer le cookeo et laisser cuire 20mn et le tour est joué ! S'accompagne avec du riz ou des tagliatelles.,7
433,plat,Omelette Espagnole (Tortilla auténtica),"['4 pomme de terre moyennes 600 g ', ' 5 oeuf', ' 1/2 oignon', ' 1/2 poivron vert', ' huile dolive ou tournesol ', ' sel']"," Eplucher et couper les pommes de terre, ainsi que l'oignon et le poivron ; mettre le tout dans un saladier et saler. Chauffer dans une poêle une bonne quantité d'huile (presque un centimètre de profondeur). Egoutter l'eau qu'ont formé les pommes de terre et verser tout dans l'huile bien chaude. Laisser cuire 10 min à feu moyen en remuant de temps en temps. Battre les oeufs dans un saladier. Egoutter les pommes de terres, avec le poivron et l'oignon et le mélanger aux oeufs. Vider l'huile d'olive qui est restée dans la poêle, en laisser à peu près une cuillère à soupe pour y faire cuire l'omelette. Réchauffer la poêle, verser le mélange dans l'huile bien chaude.  Attendre 5 min et faire glisser l'omelette sur une assiette. La retourner en plaçant la poêle sur l'assiette et retourner d'un geste vif. Laisser cuire 5 min de l'autre côté. Déguster chaude ou froide.",7
457,plat,Rouelle de porc à l'ancienne,"['1 porc', ' 1 kg de pomme de terre', ' huile dolive', ' fond de veau']"," Mettre la rouelle dans un plat allant au four.  Disséminer tout autour des pommes de terres coupées en morceaux (moyens).  Arroser d'huile d'olive.  Enfourner à 180°C - 190°C pendant environ 45 min à 1 heure, en arrosant de jus (huile chaude) régulièrement pour éviter le déssèchement.  Sortir le plat et recouvrir de fond de veau en poudre (une bonne dose, selon les goûts).  Remettre au four environ 1/2 heure en arrosant régulièrement toujours pour la même raison. Quand la rouelle a pris une couleur ambrée et les pommes de terres sont cuites, servez avec un bon vin rouge.",7
468,plat,Rouelle de porc à la sauce tomate,"['1 porc', ' 1 oignon', ' 1 gousse dail', ' 1 petite boîte de champignon de paris', ' 2 cuillère à soupe dhuile dolive', ' 1 cuillère à soupe de double concentré de tomates en tube ', ' 10 cl de crème fraîche épaisse', ' huile dolive', ' 1 bouillon de légumes facultatif ']"," Ôter l'os de la rouelle. Faire chauffer l'huile d'olive dans une cocotte-minute et y ajouter l'oignon émincé pour le faire dorer. Ajouter la rouelle et la faire dorer de chaque côté. Quand elle est dorée, mélanger le double concentré de tomates dans 20 cl d'eau chaude et verser l'eau sur la rouelle. Ajouter les champignons de Paris et la gousse d'ail finement hachée. S'il manque du liquide, recouvrir la rouelle d'eau (ajouter éventuellement un demi cube de bouillon de légumes). Fermer la cocotte et laisser cuire 25 min à partir de la mise sous pression de la cocotte. A la fin de la cuisson, ajouter la crème fraiche et remuer.",8
500,plat,Blancs de poulet a la crème et aux champignons,"['4 blanc de poulet', ' 20 cl de crème fraîche liquide', ' 1 boîte de champignon']"," Faites fondre du beurre dans une casserole,  mettez-y ensuite les blancs de poulet jusqu'à ce qu'ils soient presque cuits. Mettez ensuite les champignons à cuire avec le poulet. Avant de servir verser la crème fraîche juste pour la chauffer un peu.  Servir chaud",2
532,plat,Quiche Poulet Oignons,"['1 pâte brisée', ' 6 oignon', ' 3 escalope de poulet', ' 5 oeuf', ' 30 cl de crème fraîche', ' 10 g de beurre']"," Mettre d'une part les oignons émincés à dorer dans du beurre. Les laisser cuire ensuite à feux doux 10 min.  Couper les escalopes de poulet en dés, les faire revenir dans une poêle, les assaisonner à votre goût.  Mélanger dans un plat les œufs et la crème. Y ajouter les oignons cuits et le poulet cuit. Mélanger.  Versez la préparation sur une pâte brisée que vous aurez préalablement piqué avec une fourchette.  Mettre au four à 170°C, 35 min environ.",5
571,plat,Riz à la chair à saucisse et tomates,"['250 g de chair à saucisse', ' 800 g de tomate', ' ail', ' persil', ' riz']"," Faire revenir la chair à saucisse dans un peu d'huile, l'émietter en tous petits morceaux. Ajouter l'ail et le persil hachés finement. Ajouter les tomates coupées en quartier. Faire mijoter doucement jusqu'à ce que les tomates soient bien cuites. Il doit y avoir beaucoup de sauce.  Faire cuire le riz à l'eau ; à moitié de sa cuisson normale, l'égoutter et finir de le cuire dans la chair à saucisse et les tomates. ",2
580,plat,Harcha nouvelle façon,"['500 g de semoule fine', ' 8 cl dhuile', ' 8 cl de beurre fondu ', ' 15 cl de lait un peu plus suivant labsorption de la semoule ', ' 1 cuillère à café de levure chimique', ' 1 pincée de sel']"," Mélanger la semoule avec le sel, l'huile, le beurre et la levure. Bien amalgamer le tout. Verser dessus le verre de lait sans mélanger mais en faisant un mouvement de rotation dans le bol qui contient la préparation. Laisser la semoule absorber le lait et commencer la cuisson sur feu doux sans matière grasse dans une poêle anti-adhésive. Retourner la ou les harchas à mi-cuisson.",4
583,plat,"Pommes de terre en robe des champs, sauce à la moutarde","['4 pomme de terre de taille moyenne ', ' 1 cuillère à soupe de moutarde', ' 2 cuillère à soupe de crème fraîche épaisse']"," Préchauffer le four à 200/250°C.  Laver les pommes de terre, les mettre sur la plaque du four sans les peler.  Les faire cuire pendant 25 à 30 mn environ, vérifier la cuisson en plantant la lame d'un couteau à l'intérieur.  Pendant ce temps là, mélanger dans un bol la moutarde et la crème fraîche. Vérifier si c'est assez ""piquant"".  Lorsque les pommes de terre sont cuites, les mettre sur des assiettes, les couper en 4 et mettre deux cuillères à café de sauce dessus.  Déguster bien chaud",6
596,plat,Châtaignes cuites à l'eau,"['1 kg de châtaigne', ' 1 branche de fenouil', ' gros sel']"," Inciser l'écorce des châtaignes. Faire bouillir une grande casserole d'eau salée avec le fenouil. Y plonger les châtaignes et laisser cuire à ébullition pendant 30 minutes. Vérifier la cuisson, elles doivent s'éplucher facilement, tout en étant farineuses et fondantes. Servir les châtaignes en accompagnement ou en plat.",4
609,plat,Lapin rôti au four à la moutarde,"['1 barquette de lapin toute prête en grande surface 6 morceaux ', ' 30 g de beurre', ' 1 gousse dail', ' 4 pomme de terre', ' 1/2 verre deau', ' 1/2 verre de vin blanc sec', ' 2 cuillère à soupe de moutarde forte ', ' 1 briquette de crème à base de soja ']"," Faire dorer à la poele avec le beurre les morceaux de lapin.  Une fois dorés, les disposer dans un plat allant au four. Y ajouter la gousse d'ail et les pomme de terre (épluchées et découpées en gros morceaux). Arroser d'eau et de vin blanc (la viande doit être immergée à moitié).  Badigeonner le tout de moutarde forte au pinceau. Mettre au four à 210°C (thermostat 7) pendant 45 min, en retournant à mi-cuisson. Ajouter la crème à base de soja et remettre à four chaud pendant 15 min. Récupérer le jus de cuisson et le faire prendre avec un peu de maïzena sur feu vif.  Servir sauce à part pour le goût de chacun.",7
615,plat,risotto aux poireaux,"['3 poireau de belle taille ', ' 4 louche de riz pour risotto', ' 1 cube de bouillon de légumes ou un kub or ', ' 1 vin blanc sec', ' parmesan râpé', ' beurre', ' crème fraîche']"," Emincer le blanc des poireaux.  Faire fondre le bouillon cube dans 3/4 litre d'eau bouillante.  Faire fondre 25 g de beurre dans une casserole ou une sauteuse à revêtement anti adhésif.  Mettre les poireaux à étuver sans qu'ils brunissent (5 mn environ).  Ajouter le riz. Remuer et laisser le riz devenir translucide sur feu vif.  Ajouter le vin blanc et attendre qu'il s'évapore.  Ajouter le bouillon, baisser le feu, et attendre qu'il soit totalement absorbé (environ 20 mn).  A la fin, ajouter 3 cuillères à soupe de crème fraîche, du poivre et du parmesan râpé. Remuer la préparation, puis la laisser reposer 3 mn hors du feu, avec un couvercle. Goûter pour vérifier s'il est nécessaire de saler (le bouillon et le fromage l'étant déjà). Servir bien chaud.",8
632,plat,Pâte à tarte (sans gluten),"['200 g de farine sans gluten', ' 50 g de beurre froid ', ' 1 jaune doeuf', ' 2 cuillère à soupe deau froide ']"," Verser la farine dans un plat creux, mettre au centre le beurre coupé en morceaux.  Travailler la pâte, jusqu'à obtenir la consistance du sable. Ajouter le jaune d'oeuf, et mélanger Ajouter suffisamment d'eau, pour obtenir une boule. Travailler la pâte quelques instants, et l'applatir au rouleau.",5
655,plat,Pommes chips maison,"['500 g de pomme de terre', ' huile', ' sel']"," Très simple. Coupez les pommes de terre très finement (l'idéal est d'utiliser une rape spéciale). Mettez-les à trempee dans l'eau, puis égouttez-les. Remettez-les dans l'eau, puis égouttez-les cette fois-ci dans un torchon. Placez-les dans une friteuse chaude. En cours de cuisson, vous sortez-les pendant environ 5 minutes, puis remettez-les, et cuisez comme vous aimez (très grillés, ou pas trop...). Bon appétit !",4
658,plat,Camembert à la braise,"['1 camembert fait mais ferme ', ' 1 huile dolive', ' herbes de provence ou des brins de thym ']", Verser un filet d'huile d'olive au centre d'un papier d'aluminium. Poser le camembert dessus. Verser le reste de l'huile d'olive sur le camembert et les herbes. Fermer l'aluminium en papillote et mettre dans les braises du barbecue.,3
677,plat,Parmentier de poisson rapide,"['2 oignon hachés ', ' 4 filet de poisson éventuellement surgelés ', ' 1 cuillère à soupe de farine', ' 20 cl de lait', ' 500 g de purée de pommes de terre ', ' 10 g de beurre', ' 50 g de fromage râpé']"," Faites cuire les filets de poisson à couvert 2 min au micro-ondes. Emiettez-les. Hachez les oignons et faites-les fondre doucement à la poêle dans un peu de matière grasse. Ajoutez les filets de poisson coupés en petits morceaux, écrasez un peu. Saupoudrez de farine, puis ajoutez le verre de lait, et laissez cuire une dizaine de minutes en écrasant le poisson. Dans un plat beurré, étalez successivement une couche de purée, une couche de poisson et finir par la purée. Saupoudrez de fromage et enfournez à 200°C (thermostat 6-7) pendant 20 min pour gratiner.",6
687,plat,Tomates farcies à la viande hachée faciles et rapides,"['8 tomate à farcir ', ' 4 cuillère à soupe dhuile', ' 1 jaune doeuf', ' 1 oignon', ' fines herbes persil ; ail ; persil ; sel ', ' 800 g de viande hachée ', ' gruyère', ' 2 cuillère de riz']"," 1. Faire chauffer le four thermostat 7 2. Couper les tomates, évidez-les avec une petite cuillère. Salez l'intérieur et retournez-les sur un plat pour leur faire rendre l'eau. Conservez la pulpe de tomate recueillie. Hachez finement l'oignon. 3. Dans une casserole, faites chauffer 2 cuillères à soupe d'huile. Ajoutez ensemble le riz et l'oignon haché, tournez vivement pour que le riz s'imprègne bien de matière grasse. Ajoutez alors la pulpe de tomate et un demi-verre d'eau. Salez et poivrez. Couvrez et laissez cuire à feu doux 15 minutes. 4. Mélangez cette préparation à la viande hachée. Ajoutez les fines herbes et le jaune d'oeuf. Poivrez et mélangez. 5. Garnissez les tomates de cette farce. Rangez-les dans un plat allant au four. Saupoudrez-les de fromage râpé. Arrosez-les d'huile. 6. Faites cuire 25 minutes à four chaud. Vous pouvez ajouter un petit suisse à la farce pour la rendre plus moelleuse",7
717,plat,Filet mignon en croûte,"['2 filet mignon de porc ', ' 2 pâte feuilletée', ' 4 tranche de jambon blanc', ' 200 g de gruyère râpé', ' 2 oignon jaune', ' 2 jaune doeuf']"," Peler et émincer les oignons. Les faire revenir dans une sauteuse avec 20 g de beurre pendant 3 minutes environ. Les retirer de la sauteuse et les réserver.  Dans la même sauteuse, faire revenir les filets mignons de chaque côté. Laisser cuire 10 minutes à feu doux. Réincorporer les oignons. Poursuivre la cuisson pendant 5 minutes. Saler, poivrer. Réserver. Dérouler les pâtes feuilletées.  Déposer sur chaque pâte deux tranches de jambon et 100 g de gruyère. Saler et poivrer. Y déposer un filet sur chaque pâte garnie et napper de sauce aux oignons. Replier la pâte autour de la viande et souder les bords à l'aide du jaune d'oeuf préalablement battu et d'un pinceau alimentaire. Enfourner pour 45 minutes de cuisson à 200°C (thermostat 6-7).",10
727,plat,Crêpes natures pour garniture salée ou sucrée,"['250 g de farine', ' 50 cl de lait', ' 3 oeuf', ' huile']"," Mélangez la farine, les oeufs et le lait à l'aide d'un fouet jusqu'à obtention d'une pâte homogène sans grumeaux. Préchauffez la poêle huilée. Faites sauter et dégustez !!",3
733,plat,Knepfle,"['1 kg de farine', ' 10 oeuf entiers ', ' 400 g deau', ' sel']"," Mélangez les œufs à la farine. Incorporez de l'eau jusqu'à ce que la préparation devienne souple (sans grumeaux) et tombe de la cuillère en bois par gros filets. Elle ne doit en aucun cas couler. Faites chauffer une grande casserole d'eau bien salée. Quand elle arrive à ébullition, stabilisez-la à faibles bouillons. Etalez une couche de pâte d'environ 3 millimètres d'épaisseur sur une petite planchette en bois mouillée, puis à l'aide d'une spatule métallique, raclez la pâte par petites avancées de 3 à 4 millimètres et faites-la tomber dans l'eau frémissante. Pour vous faciliter la tâche, trempez régulièrement la spatule dans l'eau. Pochez-les 3 minutes, puis sortez-les à l'aided'une écumoire et laissez-les égoutter. Faites fondre dans une poêle un peu de beurre avec un peu d'huile. Places-y les knepfle. Faites-les dorer en les retournant régulièrement.",9
751,plat,Filet mignon de porc sauce champignons de Paris,"['2 filet mignon de porc ', ' 2 oignon blanc', ' 5 champignon de paris à émincer ', ' 80 cl de crème uht épaisse ', ' 3 cuillère à soupe de fond de veau', ' 1 cuillère à soupe dhuile dolive']"," Tout d'abord, coupez en morceaux vos filets mignon. Faites revenir dans un plat les oignons émincés dans de l'huile d'olive à feu normal. Mélangez.  Une fois revenus, mettez les champignons de Paris émincés ainsi que le filet mignon préalablement coupé et laissez cuire toujours à feu normal. Diluez le fond de veau dans un petit verre d'eau chaude puis incorporez-le. Mélangez. Mettez la crème UHT, mélangez bien, portez le feu à pleine puissance jusqu’à ébullition de la crème pendant 1 à 2 min tout en mélangeant. A feu doux, laissez mijoter 15 min environ.",6
753,plat,Fondue bressane,"['4 escalope de dinde ou de poulet ', ' 1 jaune doeuf', ' chapelure', ' huile pour fondue ']"," Coupez la viande en dés. Chaque convive trempe la viande dans l'oeuf, la chapelure et l'huile chaude.  Un régal.",2
767,plat,Pâte feuilletée,"['200 g de farine', ' 50 g de farine pour le travail ', ' 1 cuillère à café de sel', ' 100 g deau', ' 200 g de beurre']"," Mettre la farine tamisée et le sel dans la terrine, creuser une fontaine, y verser les 3/4 de l'eau.  Pétrir vivement du bout des doigts, sans presque travailler la pâte pour ne lui donner aucune élasticité. La détrempe devra avoir la même consistance que le matière beurre, plutôt ferme que molle; laisser reposer 20 min. Fariner légèrement la planche, étendre la détrempe sur 1 cm d'épaisseur, et mettre le beurre au milieu. Rabattre les quatre pans de la pâte pour l'enfermer.  Etendre la pâte au rouleau en une bande longue, étroite, régulière, que l'on amincit jusqu'à ce qu'on commence à apercevoir le beurre. Plier la pâte en 3, en rabattant un des bouts sur le milieu de la pâte, et l'autre bout par-dessus le premier. C'est ce qu'on appelle donner un tour.  Mettre le morceau de pâte dans l'autre sens (mettre le côté plié toujours à droite), et laisser reposer la pâte au frais environ 20 min. Recommencer à l'allonger au rouleau, puis plier en 3, c'est le 2ème tour; laisser reposer la pâte au frais environ 20 min.  Recommencer, laisser reposer au frais 20 min entre chaque tour, et donner 6 tours. On peut donner plus de tours, la pâte gagne alors en légèreté.",10
774,plat,Les vraies frites belges,"['1 kg de pomme de terre type bintje ', ' 3 l dhuile de friture']"," Rien ne remplace le goût des vraies frites fraîches. Abandonnez vos surgelées, et essayez la vraie recette traditionnelle... Peler, et laver les pommes de terre, et les sécher individuellement. Dresser un essuie-tout sur la table de travail, et couper de larges tranches de 1 cm d'épaisseur dans chaque pommes de terre. Sécher chaque tranche individuellement.  Couper ensuite les frites en bâtonnets de 1 cm de côté. Pendant ce temps, faire chauffer l'huile à 160°C.  Plonger la moitié des frites dans l'huile, et laisser cuire pendant 8 min, en secouant régulièrement, pour éviter que les frites ne collent. Après cuisson, égouter les frites en les secouant au-dessus de la friteuse, et déposer une couche sur du papier absorbant. Recommencer la même opération, avec l'autre moitié des frites. Remonter la température de la friteuse à 190°C, quelques minutes avant de servir.  Plonger alors les frites pré-cuites, pendant 4 min, dans l'huile brûlante, pour bien les colorer. Secouer régulièrement.  Travailler, à nouveau, avec la moitié des frites, par bains de cuisson. Une fois cuites, égoutter à nouveau vos frites, en les secouant au dessus de la friteuse.  Verser les immédiatement dans un plat couvert de papier absorbant, et saler avant de servir.  Secouer encore vos frites une dernière fois!",13
817,plat,Rougaille tomates (Madagascar),"['3 tomate bien mûres ', ' 2 oignon verts ou des cébettes ', ' 1 couteau de pâtes de piments verts ', ' 1 pincée de sel', ' 2 cuillère à soupe dhuile darachide ou de tournesol ']"," Eplucher les tomates. Les au couteau (surtout ne pas utiliser de robot électrique, cela fait de la purée, mais ne hache pas!). Mettre les tomates hachées dans un bol et les saler. Hacher les oignons verts ou cébettes avec le vert. Incorporer les oignons aux tomates. Incorporer l'huile et la pâte de piments. Mettre au frais 1 h. Manger avec du riz thaï ou basmati. Idéal pour accompagner une grillade.",5
831,plat,Pâtes au thon et à la tomate,"['400 g de pâtes type coudes rayés ou penne ', ' 1 boîte de tomates concassées', ' 1 boîte de thon au naturel ', ' 1 oignon émincé ', ' thym et laurier ']"," Mettre de l'eau à bouillir et faire cuire les pâtes. Emincer l'oignon finement et le faire revenir dans un peu d'huile d'olive. Ajouter les tomates et faire réduire pendant 5 minutes à feu moyen avec le thym et le laurier. Assaisonner. Ajouter le thon émietté pour le réchauffer. Une fois les pâtes cuites, les égoutter et les mélanger à la sauce dans le plat de service ou directement dans la sauteuse.",4
846,plat,Riz japonais (vinaigré),"['400 g de riz japonais ou du riz rond ', ' 40 cl deau', ' 5 cl de vinaigre de riz', ' 2 cuillère de sucre', ' 1 pincée de sel']"," Laver le riz 3 fois (afin d'enlever tout les résidus). Si vous mettez plus de riz, il est à vérifier si l'eau est claire au bout du troisième rinçage, sinon il faut continuer.   Mettre le riz rincé dans un fait tout par exemple, puis verser les 400ml d'eau. (Il faut savoir qu'il y a autant de riz que d'eau au niveau du poids). Faire en sorte que l'eau couvre bien le riz.   Couvrir avec un couvercle (obligatoire). Mettre à feu fort jusque la première ébullition, et diminuer à feu moyen pour une dizaine de minutes.   Les 10 min passées, ne touchez surtout pas le couvercle, la vapeur est essentielle. Laisser reposer encore une dizaine de minutes.  Pendant que le riz se prépare, chauffer à feu moyen le vinaigre-sucre-sel. Cela ne doit pas bouillir pour ne pas laisser s'échapper de la vapeur. Lorsque le sucre fond, mettre de côté pour refroidir.  Mettre dans un saladier-cul de poule le riz (prêt) et le vinaigre, pour ensuite mélanger délicatement afin que le riz ne se transforme pas en une bouillie.  Il faut que le riz refroidisse afin qu'il soit collant comme dans les sushi, maki.   Dès que c'est froid, c'est prêt !  Bonne dégustation.",9
861,plat,Pizza reine très simple,"['pâte à pizza', ' sauce tomate pour pizza ', ' champignon de paris', ' jambon', ' gruyère râpé']"," Préchauffer le four à 220°C (thermostat 7/8). Faire revenir les champignons à la poêle sur feu doux quelques minutes, sans les laisser griller. Étaler la pâte et la badigeonner de sauce tomate. Disposer dessus le jambon et les champignons. Recouvrir de gruyère râpé. Enfourner pendant 30 ou 35 minutes à four chaud en surveillant de temps à autre.",6
873,plat,Risotto de saumon frais,"['500 g de riz pour risotto', ' 1.5 l de bouillon de volaille et de poisson ', ' 15 cl de vin blanc', ' 1 oignon', ' 1 gousse dail finement hachée ', ' 1 cuillère à soupe dhuile dolive', ' 3 pavé de saumon frais']"," Dans un wok ou une grance poêle, faire revenir l'oignon émincé dans l'huile chaude. Ajouter le riz, remuer jusqu'à ce qu'il devienne translucide. Mouiller avec le vin blanc et remuer jusqu'à évaporation. Verser les bouillons (une louche, puis, après évaporation, une autre). Couper le saumon en dés grossiers et les incorporer au riz, ainsi que l'ail. Verser le reste du bouillon petit à petit, saler, poivrer. Tourner continuellement la préparation, goûter de temps en temps et servir lorsque le riz est fondant tout en gardant de la fermeté...(le plus dur!)",7
874,plat,Saucisse fraîche,"['2 kg dépaule de porc ', ' 3 kg de poitrine de porc fraîche ', ' 100 g de sel 20 g par kg de viande ', ' 25 g de poivre 5 g par kg de viande ', ' 1 sachet de boyau pour saucisse', ' 3 gousse dail facultatif ', ' 20 cl de vin rouge facultatif ', ' 1 viande et lembout pour faire les saucisses ']"," La veille : Découper la viande en fines lanières afin de la passer à la machine à hacher la viande. La conserver au frais.  Le lendemain : Installer la machine à hacher sur une table avec un récipient qui recevra la chair à saucisse et mettre à tremper dans un bol les boyaux dans de l'eau vinaigrée.  Passer dans le hachoir la viande en alternant l'épaule et la poitrine une fois toute la viande hachée, ajouter le sel et le poivre, et bien malaxer le tout pendant 15 minutes, plus elle sera mélangée, meilleure elle sera. Faire bouillir à petit feu le vin et les 3 gousses d'ail, pendant 10 minutes, le vin sera réduit de moitié. Laisser refroidir. Pendant ce temps rincer les boyaux sous le robinet en les ouvrant bien pour que l'eau coule à l'intérieur. Enlever le disque du hachoir et mettre l'embout à saucisse en place. Enfiler tout le boyau sur l'embout à saucisse laisser un peu dépasser vers l'extérieur.  Vider le vin et l'ail dans une gaze ou un petit chiffon au dessus de la chair et bien presser le tout afin d'en extraire un maximum de jus. Remalaxer le tout encore pendant 10 minutes. Ceci étant terminé, les choses sérieuses commencent.  Mettre la chair dans le machine et tourner la manivelle, la chair va apparaître dans le boyau une fois qu'elle sera au bout.  Fermer le boyau avec une ficelle alimentaire et continuer cette opération jusqu'à ce que le boyau soit terminé. Remettre un nouveau boyau et ainsi de suite jusqu'à ce qu'il n'y ai plus de chair. Toute la saucisse étant terminée, la piquer sur toute sa surface avec une aiguille afin que l'air sorte et qu'elle s'égoutte un peu. La suspendre une journée dans un endroit très frais et noir. On peut la consommer de suite ou la mettre au congélateur, sans problème. La même recette vaut pour du saucisson, le boyau sera plus gros tout simplement et le temps de sèchage beaucoup plus long.  P.S: petite astuce pour piquer la saucisse : je prends un bouchon que je coupe en deux, je le traverse avec des épingles à têtes (une dizaine environ) et le tour et joué.",20
893,plat,Farce maison pour tomate et courgette,"['4 tomate', ' 3 courgette', ' 300 g de viande hachée de boeuf ', ' 6 tranche de jambon blanc', ' ail', ' persil plat ', ' 2 oignon', ' 2 tranche de pain de mie', ' 1 verre de lait', ' 2 jaune doeuf', ' 3 cuillère à soupe dhuile dolive', ' poivre mélange des cinq baies ', ' sel']"," Faire tremper les 2 tranches de pain de mie dans le lait, dans 1 bol. Dans un saladier mélanger la viande hachée avec le jambon préalablement coupé et haché au mixeur. Mixer le persil plat , l'ail et les oignons . Incorporer à la  préparation dans saladier. Ajouter le pain de mie imbibé de lait, les 2 jaunes d'oeufs et l'huile d'olive, le sel et le poivre.  Bien malaxer, c'est prêt!!! Mettre un fond d'huile d'olive dans vos plats, ainsi que la pulpe des tomates évidées mixée. Garnir vos tomates et vos courgettes de farce et les disposer dans vos plats. Faire cuire au four pendant 30 min à thermostat 8. Accompagner avec du riz.",10
